date,title,url
2025-03-31,UK’s Matthew Algie appoints new UK & Ireland Managing Director,https://www.worldcoffeeportal.com/news/uks-matthew-algie-appoints-new-uk-ireland-managing-director/
2025-03-31,Tim Hortons brews up record profits for South Korea’s BKR,https://www.worldcoffeeportal.com/news/tim-hortons-brews-up-record-profits-for-south-koreas-bkr/
2025-03-31,Black Rifle Coffee Company appoints new Chief Commercial Officer,https://www.worldcoffeeportal.com/news/black-rifle-coffee-company-appoints-new-chief-commercial-officer/
2025-03-29,Costa Coffee appoints new exec to lead US travel retail growth,https://www.worldcoffeeportal.com/news/costa-coffee-appoints-new-exec-to-lead-us-travel-retail-growth/
2025-03-28,"Celebrating 10 years of The Amsterdam Coffee Festival, 3-5 April 2025",https://www.worldcoffeeportal.com/news/celebrating-10-years-of-the-amsterdam-coffee-festival-3-5-april-2025/
2025-03-28,Joe & The Juice signs franchise agreement for Mexico launch,https://www.worldcoffeeportal.com/news/joe-the-juice-signs-franchise-agreement-for-mexico-launch/
2025-03-28,"Dutch Bros sets sights on 2,029 outlets by 2029",https://www.worldcoffeeportal.com/news/dutch-bros-sets-sights-on-2-029-outlets-by-2029/
2025-03-27,Panera Brands appoints Paul Carbone as permanent CEO,https://www.worldcoffeeportal.com/news/panera-brands-appoints-paul-carbone-as-permanent-ceo/
2025-03-27,Diversified store network yields strong profits for Vietnam’s Highlands Coffee,https://www.worldcoffeeportal.com/news/diversified-store-network-yields-strong-profits-for-vietnams-highlands-coffee/
2025-03-27,Jollibee Foods Corp outlines long-term coffee strategy,https://www.worldcoffeeportal.com/news/jollibee-foods-corp-outlines-long-term-coffee-strategy/
2025-03-26,Tim Hortons appoints new Chief Operating Officer,https://www.worldcoffeeportal.com/news/tim-hortons-appoints-new-chief-operating-officer/
2025-03-26,Dunkin’ seeking to double Costa Rica footprint in 2025,https://www.worldcoffeeportal.com/news/dunkin-seeking-to-double-costa-rica-footprint-in-2025/
2025-03-25,US wholesale drives record sales for Switzerland’s Valora Group,https://www.worldcoffeeportal.com/news/us-wholesale-drives-record-sales-for-switzerlands-valora-group/
2025-03-25,Lagardère Travel Retail to sub-franchise Costa Coffee in Poland,https://www.worldcoffeeportal.com/news/lagardere-travel-retail-to-sub-franchise-costa-coffee-in-poland/
2025-03-25,India’s Chai Kings secures $3m to drive outlet growth,https://www.worldcoffeeportal.com/news/indias-chai-kings-secures-3m-to-drive-outlet-growth/
2025-03-25,India’s Café Coffee Day signs debt settlement agreement,https://www.worldcoffeeportal.com/news/indias-cafe-coffee-day-signs-debt-settlement-agreement/
2025-03-24,SSP Group to debut coffee and cocktail café concept at Perth Airport,https://www.worldcoffeeportal.com/news/ssp-group-to-debut-coffee-and-cocktail-cafe-concept-at-perth-airport/
2025-03-24,Morrisons announces significant in-store café closures,https://www.worldcoffeeportal.com/news/morrisons-announces-significant-in-store-cafe-closures/
2025-03-24,Germany’s Die Lohners appoints bakery specialist as new CEO,https://www.worldcoffeeportal.com/news/germanys-die-lohners-appoints-bakery-specialist-as-new-ceo/
2025-03-21,Australia’s The Reformatory Lab launches in the UAE,https://www.worldcoffeeportal.com/news/australias-the-reformatory-lab-launches-in-the-uae/
2025-03-21,India’s Yummy Bee raises $2m to drive outlet growth,https://www.worldcoffeeportal.com/news/indias-yummy-bee-raises-2m-to-drive-outlet-growth/
2025-03-21,UK’s Hagen makes international debut with Amsterdam outlet,https://www.worldcoffeeportal.com/news/uks-hagen-makes-international-debut-with-amsterdam-outlet/
2025-03-21,Chobani hires creative agency for major La Colombe marketing push,https://www.worldcoffeeportal.com/news/chobani-hires-creative-agency-for-major-la-colombe-marketing-push/
2025-03-20,Corner Bakery Cafe increases focus on digital ordering as part of store renovations,https://www.worldcoffeeportal.com/news/corner-bakery-cafe-increases-focus-on-digital-ordering-as-part-of-store-renovations/
2025-03-20,Kamps promotes Katharina Keil to Chief Operating Officer,https://www.worldcoffeeportal.com/news/kamps-promotes-katharina-keil-to-chief-operating-officer/
2025-03-19,Nestlé and Lotte Group to end South Korea joint venture,https://www.worldcoffeeportal.com/news/nestle-and-lotte-group-to-end-south-korea-joint-venture/
2025-03-19,New York’s Rarebird Coffee eyes roastery launch after securing $1m,https://www.worldcoffeeportal.com/news/new-yorks-rarebird-coffee-eyes-roastery-launch-after-securing-1m/
2025-03-19,UK’s Knoops appoints top coffee chain talent to support ambitious growth,https://www.worldcoffeeportal.com/news/knoops-appoints-top-coffee-chain-talent-to-support-ambitious-growth/
2025-03-19,Löfbergs adds further international trade expertise to Board of Directors,https://www.worldcoffeeportal.com/news/lofbergs-adds-further-international-trade-expertise-to-board-of-directors/
2025-03-19,Jakarta-based Fore Coffee seeking to raise $23m after filing IPO,https://www.worldcoffeeportal.com/news/jakarta-based-fore-coffee-seeking-to-raise-23m-after-filing-ipo/
2025-03-18,Cornish Bakery exploring sale to support next phase of UK growth,https://www.worldcoffeeportal.com/news/cornish-bakery-exploring-sale-to-support-next-phase-of-uk-growth/
2025-03-18,UK bubble tea chain Cupp to make international debut in 2025,https://www.worldcoffeeportal.com/news/uk-bubble-tea-chain-cupp-to-make-international-debut-in-2025/
2025-03-18,Duck Donuts signs franchise deal for New Zealand launch,https://www.worldcoffeeportal.com/news/duck-donuts-signs-franchise-deal-for-new-zealand-launch/
2025-03-18,Joe & The Juice appoints new UK Managing Director,https://www.worldcoffeeportal.com/news/joe-the-juice-appoints-new-uk-managing-director/
2025-03-17,JDE Peet’s settles price disputes with major European supermarkets,https://www.worldcoffeeportal.com/news/jde-peets-settles-price-disputes-with-major-european-supermarkets/
2025-03-17,Peet’s becomes the latest US coffee chain to scrap non-dairy surcharge,https://www.worldcoffeeportal.com/news/peets-becomes-the-latest-us-coffee-chain-to-scrap-non-dairy-surcharge/
2025-03-17,Gong cha signs franchise deal to open 225 UK stores,https://www.worldcoffeeportal.com/news/gong-cha-signs-franchise-deal-to-open-225-uk-stores/
2025-03-14,Brian Niccol outlines next phase of Back to Starbucks strategy,https://www.worldcoffeeportal.com/news/brian-niccol-outlines-next-phase-of-back-to-starbucks-strategy/
2025-03-14,Vida e Caffè reaches 300 stores in South Africa,https://www.worldcoffeeportal.com/news/vida-e-caffe-reaches-300-stores-in-south-africa/
2025-03-14,Coffee portfolio delivers strong returns for Jollibee Foods Corp,https://www.worldcoffeeportal.com/news/coffee-portfolio-delivers-strong-returns-for-jollibee-foods-corp/
2025-03-13,Pickup Coffee extends Caltex deal to open more petrol station stores,https://www.worldcoffeeportal.com/news/pickup-coffee-extends-caltex-deal-to-open-more-petrol-station-stores/
2025-03-13,Malaysia’s Berjaya Food inks deal to launch Paris Baguette in the UAE,https://www.worldcoffeeportal.com/news/malaysias-berjaya-food-inks-deal-to-launch-paris-baguette-in-the-uae/
2025-03-13,Europe overtakes US as largest export market for Costa Rican coffee,https://www.worldcoffeeportal.com/news/europe-overtakes-us-as-largest-export-market-for-costa-rican-coffee/
2025-03-12,Löfbergs signs second major hotel supply deal of 2025,https://www.worldcoffeeportal.com/news/lofbergs-signs-second-major-hotel-supply-deal-of-2025/
2025-03-12,Luckin Coffee wins Thai trademark infringement case,https://www.worldcoffeeportal.com/news/luckin-coffee-wins-thai-trademark-infringement-case/
2025-03-12,Black Rifle Coffee Company narrows losses with focus on wholesale growth,https://www.worldcoffeeportal.com/news/black-rifle-coffee-company-narrows-losses-with-focus-on-wholesale-growth/
2025-03-12,Texas-based Farmer Bros launches first specialty coffee brand,https://www.worldcoffeeportal.com/news/texas-based-farmer-bros-launches-first-specialty-coffee-brand/
2025-03-12,UAE-based specialty coffee roaster secures $8.2m to fuel international growth,https://www.worldcoffeeportal.com/news/uae-based-specialty-coffee-roaster-secures-8-2m-to-fuel-international-growth/
2025-03-11,Yum China appoints new General Manager for Lavazza joint venture,https://www.worldcoffeeportal.com/news/yum-china-appoints-new-general-manager-for-lavazza-joint-venture/
2025-03-11,London-based Dear Coco to launch new kiosk concept,https://www.worldcoffeeportal.com/news/london-based-dear-coco-to-launch-new-kiosk-concept/
2025-03-11,"Trung Nguyen Legend breaks ground on new 530,000sq ft facility",https://www.worldcoffeeportal.com/news/trung-nguyen-legend-breaks-ground-on-new-530-000sq-ft-facility/
2025-03-11,Thailand’s PTG Energy to accelerate PunThai Coffee expansion in 2025,https://www.worldcoffeeportal.com/news/thailands-ptg-energy-to-accelerate-punthai-coffee-expansion-in-2025/
2025-03-10,Nespresso makes India debut with New Delhi boutique,https://www.worldcoffeeportal.com/news/nespresso-makes-india-debut-with-new-delhi-boutique/
2025-03-10,Tealive to launch in Thailand with local licensee,https://www.worldcoffeeportal.com/news/tealive-to-launch-in-thailand-with-local-licensee/
2025-03-10,London’s Grind to open first Manchester venue,https://www.worldcoffeeportal.com/news/londons-grind-to-open-first-manchester-venue/
2025-03-07,Three-Michelin-starred restaurant Noma launches monthly coffee subscription,https://www.worldcoffeeportal.com/news/three-michelin-starred-restaurant-noma-launches-monthly-coffee-subscription/
2025-03-07,Saudi Arabia’s Barn’s appoints new creative agency,https://www.worldcoffeeportal.com/news/saudi-arabias-barns-appoints-new-creative-agency/
2025-03-07,Colombia’s Juan Valdez signs joint venture to accelerate growth in Spain,https://www.worldcoffeeportal.com/news/colombias-juan-valdez-signs-joint-venture-to-accelerate-growth-in-spain/
2025-03-07,Starbucks and Alshaya Group explore retail partnership at Saudi giga-project,https://www.worldcoffeeportal.com/news/starbucks-and-alshaya-group-explore-retail-partnership-at-saudi-giga-project/
2025-03-06,Mexico’s Caffenio makes long-awaited US debut with Arizona store,https://www.worldcoffeeportal.com/news/mexicos-caffenio-makes-long-awaited-us-debut-with-arizona-store/
2025-03-06,Indonesia’s Fore Coffee reportedly planning $110m IPO,https://www.worldcoffeeportal.com/news/indonesias-fore-coffee-reportedly-planning-110m-ipo/
2025-03-06,Canada’s Second Cup Café drops non-dairy surcharge,https://www.worldcoffeeportal.com/news/canadas-second-cup-cafe-drops-non-dairy-surcharge/
2025-03-05,Hospitality software maker Odeko eyes acquisitions after raising $126m,https://www.worldcoffeeportal.com/news/hospitality-software-maker-odeko-eyes-acquisitions-after-raising-126m/
2025-03-05,Starbucks appoints new Chief Financial Officer in latest executive shake-up,https://www.worldcoffeeportal.com/news/starbucks-announces-latest-executive-shake-up-with-new-chief-financial-officer/
2025-03-05,Gail’s to make airport debut with Gatwick store,https://www.worldcoffeeportal.com/news/gails-to-make-airport-debut-with-gatwick-store/
2025-03-05,Thailand’s PTT OR allocates $220m to scale Café Amazon footprint,https://www.worldcoffeeportal.com/news/thailands-ptt-or-allocates-220m-to-scale-cafe-amazon-footprint/
2025-03-05,UK’s Caravan completes management buyout,https://www.worldcoffeeportal.com/news/uks-caravan-completes-management-buyout/
2025-03-04,Nestlé to make multi-million-euro investment in Spanish coffee facility,https://www.worldcoffeeportal.com/news/nestle-to-make-multi-million-euro-investment-in-spanish-coffee-facility/
2025-03-04,Diversification strategy yielding strong returns for UK’s Greggs,https://www.worldcoffeeportal.com/news/diversification-strategy-yielding-strong-returns-for-uks-greggs/
2025-03-04,UK’s Black Sheep Coffee appoints new Chief Operating Officer,https://www.worldcoffeeportal.com/news/uks-black-sheep-coffee-appoints-new-chief-operating-officer/
2025-03-04,Caribou Coffee CEO John Butcher to step down,https://www.worldcoffeeportal.com/news/caribou-coffee-ceo-john-butcher-to-step-down/
2025-03-04,Starbucks Coffee Japan announces new CEO,https://www.worldcoffeeportal.com/news/starbucks-coffee-japan-announces-new-ceo/
2025-03-03,Evoca Group unveils new Netherlands commercial office,https://www.worldcoffeeportal.com/news/evoca-group-unveils-new-netherlands-commercial-office/
2025-03-03,Coffee social enterprise Well Grounded appoints new Chair,https://www.worldcoffeeportal.com/news/coffee-social-enterprise-well-grounded-appoints-new-chair/
2025-03-03,Alsea optimistic for recovery of licensed Starbucks business in Europe,https://www.worldcoffeeportal.com/news/alsea-optimistic-for-recovery-of-licensed-starbucks-business-in-europe/
2025-03-01,Coffee underperforms for Keurig Dr Pepper amid ongoing cost pressures,https://www.worldcoffeeportal.com/news/coffee-underperforms-for-keurig-dr-pepper-amid-ongoing-cost-pressures/
2025-02-28,China’s Molly Tea enters UK with store in London’s Chinatown,https://www.worldcoffeeportal.com/news/chinas-molly-tea-enters-uk-with-store-in-londons-chinatown/
2025-02-28,Krispy Kreme seeking master franchisees for seven international markets,https://www.worldcoffeeportal.com/news/krispy-kreme-seeking-master-franchisees-for-international-markets/
2025-02-28,Latvia’s Kalve Coffee achieves record revenues and profits in 2024,https://www.worldcoffeeportal.com/news/latvias-kalve-coffee-achieves-record-revenues-and-profits-in-2024/
2025-02-27,Higher product pricing boosts JDE Peet’s 2024 earnings,https://www.worldcoffeeportal.com/news/higher-product-pricing-boosts-jde-peets-2024-earnings-2/
2025-02-27,Brazilian coffee cooperative Expocacer opens UK logistics hub,https://www.worldcoffeeportal.com/news/brazilian-coffee-cooperative-expocacer-opens-uk-logistics-hub/
2025-02-27,De’Longhi appoints professional coffee division CEO,https://www.worldcoffeeportal.com/news/delonghi-appoints-professional-coffee-division-ceo-amid-management-reshuffle/
2025-02-26,UK’s Cornish Bakery posts record second half-year results,https://www.worldcoffeeportal.com/news/uks-cornish-bakery-posts-record-second-half-year-results/
2025-02-26,Paris Baguette begins production at new halal manufacturing hub in Malaysia,https://www.worldcoffeeportal.com/news/paris-baguette-begins-production-at-new-halal-manufacturing-hub-in-malaysia/
2025-02-26,Japan’s Post Coffee receives new investment to scale DTC subscription model,https://www.worldcoffeeportal.com/news/japans-post-coffee-receives-new-investment-to-scale-dtc-subscription-model/
2025-02-26,Joe & The Juice appoints new US Managing Director,https://www.worldcoffeeportal.com/news/joe-the-juice-appoints-new-us-managing-director/
2025-02-25,"Several investors mulling $1bn Starbucks China stake acquisition, report says",https://www.worldcoffeeportal.com/news/several-investors-mulling-1bn-starbucks-china-stake-acquisition-report-says/
2025-02-25,Northern Ireland’s Suki Tea Makers becomes a B Corp,https://www.worldcoffeeportal.com/news/northern-irelands-suki-tea-makers-becomes-a-b-corp/
2025-02-25,Chinese bubble tea chain Mixue seeking to raise $443m in IPO,https://www.worldcoffeeportal.com/news/chinese-bubble-tea-chain-mixue-seeking-to-raise-443m-in-ipo/
2025-02-24,Consumer boycotts dented second-quarter trade for Starbucks Malaysia,https://www.worldcoffeeportal.com/news/consumer-boycotts-dented-second-quarter-trade-for-starbucks-malaysia/
2025-02-24,Tomoro Coffee seeking new leadership after Global CEO steps down,https://www.worldcoffeeportal.com/news/tomoro-coffee-seeking-new-leadership-after-global-ceo-steps-down/
2025-02-24,"Starbucks to cut 1,100 corporate jobs globally",https://www.worldcoffeeportal.com/news/starbucks-to-cut-1-100-corporate-jobs-globally/
2025-02-21,Luckin Coffee vows to continue price war following robust 2024 results,https://www.worldcoffeeportal.com/news/luckin-coffee-vows-to-continue-price-war-following-robust-2024-results/
2025-02-21,Dunkin’ to scrap non-dairy surcharge in the US following customer feedback,https://www.worldcoffeeportal.com/news/dunkin-to-scrap-non-dairy-surcharge-in-the-us-following-customer-feedback/
2025-02-20,Cafés and bakeries outperform QSR in Retail Food Group’s half-year results,https://www.worldcoffeeportal.com/news/cafes-and-bakeries-outperform-qsr-in-retail-food-groups-half-year-results/
2025-02-20,Gong cha appoints new Global Chief Financial Officer,https://www.worldcoffeeportal.com/news/gong-cha-appoints-new-global-chief-financial-officer/
2025-02-20,The Coffee Bean & Tea Leaf hires former Starbucks exec to drive Americas growth,https://www.worldcoffeeportal.com/news/the-coffee-bean-tea-leaf-hires-former-starbucks-exec-to-drive-americas-growth/
2025-02-19,Vietnam’s The Coffee House reportedly acquired by leading restaurant group,https://www.worldcoffeeportal.com/news/vietnams-the-coffee-house-reportedly-acquired-by-leading-restaurant-group/
2025-02-19,Dutch Bros bolsters Board of Directors with Gen Z marketing specialist,https://www.worldcoffeeportal.com/news/dutch-bros-bolsters-board-of-directors-with-gen-z-marketing-specialist/
2025-02-18,Nestlé banking on coffee brands as high costs hit sales globally,https://www.worldcoffeeportal.com/news/nestle-banking-on-coffee-brands-as-high-costs-hit-sales-globally/
2025-02-18,Blue Tokai strengthens UAE presence with new distribution deals,https://www.worldcoffeeportal.com/news/blue-tokai-strengthens-uae-presence-with-new-distribution-deals/
2025-02-18,China’s Cotti Coffee to open branded convenience stores,https://www.worldcoffeeportal.com/news/chinas-cotti-coffee-to-open-branded-convenience-stores/
2025-02-18,Costa Coffee to raise UK barista hourly wage by average 5%,https://www.worldcoffeeportal.com/news/costa-coffee-to-raise-uk-barista-hourly-wage-by-average-5/
2025-02-17,Australia’s Zarraffa’s Coffee seeking to open 200 new stores by 2032,https://www.worldcoffeeportal.com/news/australias-zarraffas-coffee-seeking-to-open-200-new-stores-by-2032/
2025-02-14,Starbucks seeking to open 500 stores in Middle East by 2030,https://www.worldcoffeeportal.com/news/starbucks-seeking-to-open-500-stores-in-middle-east-by-2030/
2025-02-13,Oatly targets group-level profitability after narrowing losses in 2024,https://www.worldcoffeeportal.com/news/oatly-targets-group-level-profitability-after-narrowing-losses-in-2024/
2025-02-11,Löfbergs fully acquires Danish coffee roaster Peter Larsen Kaffe,https://www.worldcoffeeportal.com/news/lofbergs-fully-acquires-danish-coffee-roaster-peter-larsen-kaffe/
2025-02-10,Japan’s % Arabica makes Hungary debut with Budapest outlet,https://www.worldcoffeeportal.com/news/japans-arabica-makes-hungary-debut-with-budapest-outlet/
2025-02-09,Le Pain Quotidien signs master franchise agreement for Paraguay launch,https://www.worldcoffeeportal.com/news/le-pain-quotidien-signs-master-franchise-agreement-for-paraguay-launch/
2025-02-08,"Dutch Bros reaches 1,000 stores with Florida outlet",https://www.worldcoffeeportal.com/news/dutch-bros-reaches-1-000-stores-with-florida-outlet/
2025-02-07,Panera Bread strengthens C-suite with Chief Information Officer appointment,https://www.worldcoffeeportal.com/news/panera-bread-strengthens-c-suite-with-chief-information-officer-appointment/
2025-02-07,Yum China hails coffee as ‘key growth driver’ for KFC business,https://www.worldcoffeeportal.com/news/yum-china-hails-coffee-as-key-growth-driver-for-kfc-business/
2025-02-07,Espresso House appoints new Director of Retail Operations and Franchising,https://www.worldcoffeeportal.com/news/espresso-house-appoints-new-director-of-retail-operations-and-franchising/
2025-02-07,Fairtrade Foundation appoints new CEO,https://www.worldcoffeeportal.com/news/fairtrade-foundation-appoints-new-ceo/
2025-02-07,Daisy Green preparing for international expansion after strong full-year sales,https://www.worldcoffeeportal.com/news/daisy-green-preparing-for-international-expansion-after-strong-full-year-sales/
2025-02-06,Malaysia’s ZUS Coffee seeking to open 150 new stores in the Philippines in 2025,https://www.worldcoffeeportal.com/news/malaysias-zus-coffee-seeking-to-open-150-new-stores-in-the-philippines-in-2025/
2025-02-06,South Korea’s The Venti preparing for international debut in Canada,https://www.worldcoffeeportal.com/news/south-koreas-the-venti-preparing-for-international-debut-in-canada/
2025-02-06,UK’s 200 Degrees saw healthy annual sales before The Nero Group acquisition,https://www.worldcoffeeportal.com/news/uks-200-degrees-saw-healthy-annual-sales-before-the-nero-group-acquisition/
2025-02-06,Italy’s Café Barbera planning rapid franchise expansion in Greece,https://www.worldcoffeeportal.com/news/italys-cafe-barbera-planning-rapid-franchise-expansion-in-greece/
2025-02-05,Coffee Supreme invests in Sydney-based specialty coffee roaster Gabriel Coffee,https://www.worldcoffeeportal.com/news/coffee-supreme-invests-in-sydney-based-specialty-coffee-roaster-gabriel-coffee/
2025-02-04,Nestlé eyes India market for Starbucks retail range,https://www.worldcoffeeportal.com/news/nestle-eyes-india-market-for-starbucks-retail-range/
2025-02-04,South Korea’s SPC Group commences premium rebrand for Caffè Pascucci,https://www.worldcoffeeportal.com/news/south-koreas-spc-group-commences-premium-rebrand-for-caffe-pascucci/
2025-02-03,Lviv Croissants continues international expansion with France debut,https://www.worldcoffeeportal.com/news/lviv-croissants-continues-international-expansion-with-france-debut/
2025-02-03,Grind achieves record revenues as high street outlets surpass pre-pandemic sales,https://www.worldcoffeeportal.com/news/grind-achieves-record-revenues-as-high-street-outlets-surpass-pre-pandemic-sales/
2025-01-31,UK’s Pret A Manger to make South Africa debut in February 2025,https://www.worldcoffeeportal.com/news/uks-pret-a-manger-to-make-south-africa-debut-in-february-2025/
2025-01-31,Coffee Island launches in India with four-year growth plan,https://www.worldcoffeeportal.com/news/coffee-island-launches-in-india-with-four-year-growth-plan/
2025-01-30,Value in the spotlight as competition heats up in £6.1bn UK branded coffee shop market,https://www.worldcoffeeportal.com/news/value-in-the-spotlight-as-competition-heats-up-in-6-1bn-uk-branded-coffee-shop-market/
2025-01-29,Hotel Chocolat announces US relaunch and UK growth plan,https://www.worldcoffeeportal.com/news/hotel-chocolat-announces-us-relaunch-and-uk-growth-plan/
2025-01-28,Long-serving Starbucks China Chairwoman Belinda Wong retires,https://www.worldcoffeeportal.com/news/long-serving-starbucks-china-chairwoman-belinda-wong-retires/
2025-01-28,New and renovated stores lift Phuc Long Coffee & Tea’s full-year revenues,https://www.worldcoffeeportal.com/news/new-and-renovated-stores-lift-phuc-long-coffee-teas-full-year-revenues/
2025-01-28,Duck Donuts CEO Betsy Hamm steps down amid corporate layoffs,https://www.worldcoffeeportal.com/news/duck-donuts-ceo-betsy-hamm-steps-down-amid-corporate-layoffs/
2025-01-27,Kenya’s Java House acquired by private equity firms,https://www.worldcoffeeportal.com/news/kenyas-java-house-acquired-by-private-equity-firms/
2025-01-24,Saudi Arabia’s Kyan Café continues Middle East expansion with first Iraq outlet,https://www.worldcoffeeportal.com/news/saudi-arabias-kyan-cafe-continues-middle-east-expansion-with-first-iraq-outlet/
2025-01-24,Egypt’s Cilantro appoints Mohomed El-Shazly as new CEO,https://www.worldcoffeeportal.com/news/egypts-cilantro-appoints-mohomed-el-shazly-as-new-ceo/
2025-01-23,Greece’s Mikel Coffee appoints master franchisee for India launch,https://www.worldcoffeeportal.com/news/greeces-mikel-coffee-appoints-master-franchisee-for-india-launch/
2025-01-23,Luckin Coffee makes Malaysia debut with two Kuala Lumpur outlets,https://www.worldcoffeeportal.com/news/luckin-coffee-makes-malaysia-debut-with-two-kuala-lumpur-outlets/
2025-01-22,Neumann Kaffee Gruppe to decentralise global operations with new regional offices,https://www.worldcoffeeportal.com/news/neumann-kaffee-gruppe-to-decentralise-global-operations-with-new-regional-offices/
2025-01-22,Further leadership changes at JDE Peet’s with new finance and marketing hires,https://www.worldcoffeeportal.com/news/further-leadership-changes-at-jde-peets-with-new-finance-and-marketing-hires/
2025-01-21,Knoops targets significant UK and international outlet growth in 2025,https://www.worldcoffeeportal.com/news/knoops-targets-significant-uk-and-international-outlet-growth-in-2025/
2025-01-21,India’s Chelvies Coffee raises $1m to support outlet growth,https://www.worldcoffeeportal.com/news/indias-chelvies-coffee-raises-1m-to-support-outlet-growth/
2025-01-20,PJ’s Coffee to ramp up franchise growth after strong 2024 sales,https://www.worldcoffeeportal.com/news/pjs-coffee-to-ramp-up-franchise-growth-after-strong-2024-sales/
2025-01-20,Coffee alternative brand Atomo Coffee eyes new café partnerships,https://www.worldcoffeeportal.com/news/coffee-alternative-brand-atomo-coffee-eyes-new-cafe-partnerships/
2025-01-20,Caffè Nero reports record UK Christmas sales,https://www.worldcoffeeportal.com/news/caffe-nero-reports-record-uk-christmas-sales/
2025-01-20,UK’s Gail’s appoints new Managing Director to drive growth,https://www.worldcoffeeportal.com/news/uks-gails-appoints-new-managing-director-to-drive-growth/
2025-01-17,Turkey’s Espressolab appoints new Chief Marketing Officer,https://www.worldcoffeeportal.com/news/turkeys-espressolab-appoints-new-chief-marketing-officer/
2025-01-16,Jollibee Food Corp launches Tiong Bahru Bakery in the Philippines,https://www.worldcoffeeportal.com/news/jollibee-food-corp-launches-tiong-bahru-bakery-in-the-philippines/
2025-01-16,Digital focus drives sales growth for Denmark’s Lagkagehuset,https://www.worldcoffeeportal.com/news/digital-focus-drives-sales-growth-for-denmarks-lagkagehuset-2/
2025-01-16,GoTo Foods appoints new Chief Brand Officer for Cinnabon,https://www.worldcoffeeportal.com/news/goto-foods-appoints-new-chief-brand-officer-for-cinnabon/
2025-01-16,Paris Baguette UK hires former Starbucks exec to drive outlet growth,https://www.worldcoffeeportal.com/news/paris-baguette-uk-hires-former-starbucks-exec-to-drive-outlet-growth/
2025-01-16,Digital focus drives sales growth for Denmark’s Lagkagehuset,https://www.worldcoffeeportal.com/news/digital-focus-drives-sales-growth-for-denmarks-lagkagehuset/
2025-01-15,Vietnam’s Three O’Clock signs deal to enter four South Asian markets,https://www.worldcoffeeportal.com/news/vietnams-three-oclock-signs-deal-to-enter-four-south-asian-markets/
2025-01-15,Brazil’s Expocacer reports record 2024 coffee exports,https://www.worldcoffeeportal.com/news/brazils-expocacer-reports-record-2024-coffee-exports/
2025-01-14,UK’s Caravan Coffee Roasters appoints new Head of Coffee,https://www.worldcoffeeportal.com/news/uks-caravan-coffee-roasters-appoints-new-head-of-coffee/
2025-01-14,Farmer Bros appoints Brian Miller as Vice President of Sales,https://www.worldcoffeeportal.com/news/farmer-bros-appoints-brian-miller-as-vice-president-of-sales/
2025-01-13,Pret a Manger partners with Voici La Mode for 2025 Cyprus launch,https://www.worldcoffeeportal.com/news/pret-a-manger-partners-with-voici-la-mode-for-2025-cyprus-launch/
2025-01-13,TOUS les JOURS to re-enter Malaysia with new franchise partner,https://www.worldcoffeeportal.com/news/tous-les-jours-to-re-enter-malaysia-with-new-franchise-partner/
2025-01-13,Starbucks drops WPP as US Creative Agency of Record,https://www.worldcoffeeportal.com/news/starbucks-drops-wpp-as-us-creative-agency-of-record/
2025-01-10,Ediya Coffee appoints new CEO to spearhead brand revamp,https://www.worldcoffeeportal.com/news/ediya-coffee-appoints-new-ceo-to-spearhead-brand-revamp/
2025-01-09,Greggs posts record £2bn sales despite subdued fourth quarter footfall,https://www.worldcoffeeportal.com/news/greggs-posts-record-2bn-sales-despite-subdued-fourth-quarter-footfall/
2025-01-09,Canada’s Happy Belly to acquire Smile Tiger Coffee Roasters,https://www.worldcoffeeportal.com/news/canadas-happy-belly-to-acquire-smile-tiger-coffee-roasters/
2025-01-09,Löfbergs expands coffee partnership with major Nordics hotel group,https://www.worldcoffeeportal.com/news/lofbergs-expands-coffee-partnership-with-major-nordics-hotel-group/
2025-01-09,Huhtamäki appoints new President and CEO,https://www.worldcoffeeportal.com/news/huhtamaki-appoints-new-president-and-ceo/
2025-01-09,Krispy Kreme reshuffles global leadership team with four internal promotions,https://www.worldcoffeeportal.com/news/krispy-kreme-reshuffles-global-leadership-team-with-four-internal-promotions/
2025-01-08,Matthew Algie launches supply chain decarbonisation project in Honduras,https://www.worldcoffeeportal.com/news/matthew-algie-launches-supply-chain-decarbonisation-project-in-honduras/
2025-01-08,Oriental Kopi seeking to raise RM184m ($40.9m) in IPO,https://www.worldcoffeeportal.com/news/oriental-kopi-seeking-to-raise-rm184m-40-9m-in-ipo/
2025-01-07,Panera Brands appoints Interim CEO as José Alberto Dueñas unexpectedly steps down,https://www.worldcoffeeportal.com/news/panera-brands-appoints-interim-ceo-as-jose-alberto-duenas-unexpectedly-steps-down/
2025-01-07,Colombia’s Juan Valdez opens its largest store globally in Argentina,https://www.worldcoffeeportal.com/news/colombias-juan-valdez-opens-its-largest-store-globally-in-argentina/
2025-01-07,Dutch specialty coffee group Kaldi Koffie acquired by hospitality entrepreneurs,https://www.worldcoffeeportal.com/news/dutch-specialty-coffee-group-kaldi-koffie-acquired-by-hospitality-entrepreneurs/
2025-01-07,Coffee Board of India to introduce new national certifications for producers,https://www.worldcoffeeportal.com/news/coffee-board-of-india-to-introduce-new-national-certifications-for-producers/
2025-01-06,Vietnam’s Highlands Coffee yet to see sales boost from new stores,https://www.worldcoffeeportal.com/news/vietnams-highlands-coffee-yet-to-see-sales-boost-from-new-stores/
2025-01-06,Vietnam’s Cộng Cà Phê to make Philippines debut in February 2025,https://www.worldcoffeeportal.com/news/vietnams-cong-ca-phe-to-make-philippines-debut-in-february-2025-2/
2025-01-03,Paris Baguette creates new division to enter Middle East and Africa markets,https://www.worldcoffeeportal.com/news/paris-baguette-creates-new-division-to-enter-middle-east-and-africa-markets/
2025-01-03,Ireland’s Insomnia reports threefold rise in pre-tax profits,https://www.worldcoffeeportal.com/news/irelands-insomnia-reports-threefold-rise-in-pre-tax-profits/
2025-01-03,Curefoods acquires rights to operate Krispy Kreme in south and west India,https://www.worldcoffeeportal.com/news/curefoods-acquires-rights-to-operate-krispy-kreme-in-south-and-west-india/
2025-01-02,The Coffee Club to invest in Thailand expansion in 2025,https://www.worldcoffeeportal.com/news/the-coffee-club-to-invest-in-thailand-expansion-in-2025/
2025-01-02,Luckin Coffee launches in Hong Kong with five outlets in one day,https://www.worldcoffeeportal.com/news/luckin-coffee-launches-in-hong-kong-with-five-outlets-in-one-day/
2025-01-02,"SPC Group to establish Paris Baguette production facility in Texas, US",https://www.worldcoffeeportal.com/news/spc-group-to-establish-paris-baguette-production-facility-in-texas-us/
2024-12-31,Bosqar acquires €100m majority stake in Croatian bakery-café business Mlinar,https://www.worldcoffeeportal.com/news/bosqar-acquires-eu100m-majority-stake-in-croatian-bakery-cafe-business-mlinar/
2024-12-30,Tim Hortons unveils first Signature store in Malaysia,https://www.worldcoffeeportal.com/news/tim-hortons-unveils-first-signature-store-in-malaysia/
2024-12-28,Convenience store chain OXXO brings Andatti coffee brand to Brazil,https://www.worldcoffeeportal.com/news/convenience-store-chain-oxxo-brings-andatti-coffee-brand-to-brazil/
2024-12-27,Austria’s Aïda continues international expansion with Slovakia debut,https://www.worldcoffeeportal.com/news/austrias-aida-continues-international-expansion-with-slovakia-debut/
2024-12-24,New Zealand’s Kaffelogic launches Nano 7 Roaster in the UK and China,https://www.worldcoffeeportal.com/news/new-zealands-kaffelogic-launches-nano-7-roaster-in-the-uk-and-china/
2024-12-24,Santagloria parent company FoodBox-Lateral rebrands as The FoodBox Group,https://www.worldcoffeeportal.com/news/santagloria-parent-company-foodbox-lateral-rebrands-as-the-foodbox-group/
2024-12-23,UK’s Cornish Bakery reports record opening week at Milton Keynes store,https://www.worldcoffeeportal.com/news/uks-cornish-bakery-reports-record-opening-week-at-milton-keynes-store/
2024-12-20,Romania’s Turabo unveils new €1m coffee production facility in Bucharest,https://www.worldcoffeeportal.com/news/romanias-turabo-unveils-new-eu1m-coffee-production-facility-in-bucharest/
2024-12-20,Ediya Coffee plans rapid expansion in Malaysia after Kuala Lumpur debut,https://www.worldcoffeeportal.com/news/ediya-coffee-plans-rapid-expansion-in-malaysia-after-kuala-lumpur-debut/
2024-12-20,France’s Terres de Café to scale international footprint in 2025,https://www.worldcoffeeportal.com/news/frances-terres-de-cafe-to-scale-international-footprint-in-2025/
2024-12-19,Vietnam introduces EUDR compliance database to support coffee producers,https://www.worldcoffeeportal.com/news/vietnam-introduces-eudr-compliance-database-to-support-coffee-producers/
2024-12-19,New Zealand’s Coffee Supreme attains B Corp certification,https://www.worldcoffeeportal.com/news/new-zealands-coffee-supreme-attains-b-corp-certification/
2024-12-19,5 to go confirms majority stake sale to INVENIO Partners and Accession Capital Partners,https://www.worldcoffeeportal.com/news/5-to-go-confirms-majority-stake-sale-to-invenio-partners-and-accession-capital-partners/
2024-12-19,SOHO Coffee Co. lands in Hungary with Budapest Airport outlet,https://www.worldcoffeeportal.com/news/soho-coffee-co-lands-in-hungary-with-budapest-airport-outlet/
2024-12-19,Chinese tea chain Naixue makes Malaysia debut with Kuala Lumpur outlet,https://www.worldcoffeeportal.com/news/chinese-tea-chain-naixue-makes-malaysia-debut-with-kuala-lumpur-outlet/
2024-12-18,Oatly closes Singapore facility amid supply chain efficiency drive,https://www.worldcoffeeportal.com/news/oatly-closes-singapore-facility-amid-supply-chain-efficiency-drive/
2024-12-18,Franke Mytico: Solving milk frothing challenges in hospitality,https://www.worldcoffeeportal.com/news/franksolving-milk-frothing-challenges-in-hospitality/
2024-12-18,US investment firm Sojourner acquires stake in Hawaii Coﬀee Company,https://www.worldcoffeeportal.com/news/us-investment-firm-sojourner-acquires-stake-in-hawaii-coffee-company/
2024-12-18,CJ Foodville unveils TOUS les JOURS brand re-vamp,https://www.worldcoffeeportal.com/news/cj-foodville-unveils-tous-les-jours-brand-re-vamp/
2024-12-17,Italy’s Cimbali Group appoints Frédéric Thil as General Manager,https://www.worldcoffeeportal.com/news/italys-cimbali-group-appoints-frederic-thil-as-general-manager/
2024-12-17,Dutch Bros appoints new Chief Technology and Information Officer,https://www.worldcoffeeportal.com/news/dutch-bros-appoints-new-chief-technology-and-information-officer/
2024-12-17,Romania’s 5 to go finalising talks for further stake sale,https://www.worldcoffeeportal.com/news/romanias-5-to-go-finalising-talks-for-further-stake-sale/
2024-12-16,Hagen unveils next-generation espresso bar in London’s Mayfair,https://www.worldcoffeeportal.com/news/hagen-unveils-next-generation-espresso-bar-in-londons-mayfair/
2024-12-16,Cardiff-based Coffi Lab secures £1.7m to support outlet growth,https://www.worldcoffeeportal.com/news/cardiff-based-coffi-lab-secures-1-7m-to-support-outlet-growth/
2024-12-16,Tata Starbucks cuts short-term growth forecast as inflation hits sales,https://www.worldcoffeeportal.com/news/tata-starbucks-cuts-short-term-growth-forecast-as-inflation-hits-sales/
2024-12-13,"Record C price not benefiting most coffee farmers, Fairtrade urges",https://www.worldcoffeeportal.com/news/record-c-price-not-benefiting-most-coffee-farmers-fairtrade-urges/
2024-12-12,Starbucks Australia posts AU$5.8m loss amid expansion drive and weaker consumer spend,https://www.worldcoffeeportal.com/news/starbucks-australia-posts-au-5-8m-loss-amid-expansion-drive-and-weaker-consumer-spend/
2024-12-12,Indonesia’s Fore Coffee plans 60 new outlets in 2025,https://www.worldcoffeeportal.com/news/indonesias-fore-coffee-plans-60-new-outlets-in-2025/
2024-12-12,Belgium’s IzyCoffee seeks further investment to drive outlet growth,https://www.worldcoffeeportal.com/news/belgiums-izycoffee-seeks-further-investment-to-drive-outlet-growth/
2024-12-11,Starbucks enters 88th market globally with first Honduras outlet,https://www.worldcoffeeportal.com/news/starbucks-enters-88th-market-globally-with-first-honduras-outlet/
2024-12-11,London-based Yolk challenges Pret and LEON with premium subscription,https://www.worldcoffeeportal.com/news/london-based-yolk-challenges-pret-and-leon-with-premium-subscription/
2024-12-11,"South Korea’s SPC Group eyes 12,000 Paris Baguette stores globally by 2030",https://www.worldcoffeeportal.com/news/south-koreas-spc-group-eyes-12-000-paris-baguette-stores-globally-by-2030/
2024-12-11,McWin Capital reportedly in talks to acquire UK bakery-café group Gail’s,https://www.worldcoffeeportal.com/news/mcwin-capital-reportedly-in-talks-to-acquire-uk-bakery-cafe-group-gails/
2024-12-11,Sanremo D8 – bringing extraordinary performance within your reach,https://www.worldcoffeeportal.com/news/sanremo-d8-bringing-extraordinary-performance-within-your-reach/
2024-12-10,Starbucks China appoints first Chief Growth Officer,https://www.worldcoffeeportal.com/news/starbucks-china-appoints-first-chief-growth-officer/
2024-12-10,Joe & The Juice to expand UK Deliveroo partnership,https://www.worldcoffeeportal.com/news/joe-the-juice-to-expand-uk-deliveroo-partnership/
2024-12-10,Taco Bell seeks to ‘disrupt US beverage industry’ with new café concept,https://www.worldcoffeeportal.com/news/taco-bell-seeks-to-disrupt-us-beverage-industry-with-new-cafe-concept/
2024-12-10,7 Brew appoints first Chief Marketing Officer,https://www.worldcoffeeportal.com/news/7-brew-appoints-first-chief-marketing-officer/
2024-12-09,The Nero Group strengthens Waitrose partnership with new in-store cafès,https://www.worldcoffeeportal.com/news/the-nero-group-strengthens-waitrose-partnership-with-new-in-store-cafes/
2024-12-06,Brazil’s The Coffee expands European presence with Italy debut,https://www.worldcoffeeportal.com/news/brazils-the-coffee-expands-european-presence-with-italy-debut/
2024-12-06,Nestlé USA appoints Martin Thompson as CEO and US Market Head,https://www.worldcoffeeportal.com/news/nestle-usa-appoints-martin-thompson-as-ceo-and-us-market-head/
2024-12-06,SSP Group joint venture secures new India airport contracts,https://www.worldcoffeeportal.com/news/ssp-group-joint-venture-secures-new-india-airport-contracts/
2024-12-05,Esquires Coffee to open supermarket cafés in Ireland,https://www.worldcoffeeportal.com/news/esquires-coffee-to-open-supermarket-cafes-in-ireland/
2024-12-05,Gail’s eyes further outlet growth as revenues surge,https://www.worldcoffeeportal.com/news/gails-eyes-further-outlet-growth-as-revenues-surge/
2024-12-05,RBI CEO Joshua Kobza hints at return to Tim Hortons outlet growth in Canada,https://www.worldcoffeeportal.com/news/rbi-ceo-joshua-kobza-hints-at-return-to-tim-hortons-outlet-growth-in-canada/
2024-12-05,Costa Coffee expands major UK event venues partnership,https://www.worldcoffeeportal.com/news/costa-coffee-expands-major-uk-event-venues-partnership/
2024-12-05,The Coffee Bean & Tea Leaf signs master franchise agreement to fuel India growth,https://www.worldcoffeeportal.com/news/the-coffee-bean-tea-leaf-signs-master-franchise-agreement-to-fuel-india-growth/
2024-12-04,New York’s Matto Espresso sets sights on 300 stores by 2030,https://www.worldcoffeeportal.com/news/new-yorks-matto-espresso-sets-sights-on-300-stores-by-2030/
2024-12-04,Fast Coffee raises $1m as investment in India’s coffee shop market picks up,https://www.worldcoffeeportal.com/news/fast-coffee-raises-1m-as-investment-in-indias-coffee-shop-market-picks-up/
2024-12-04,Bluebird’s secret to unforgettable coffee flavours,https://www.worldcoffeeportal.com/news/bluebirds-secret-to-unforgettable-coffee-flavours/
2024-12-03,Heritage coffee brand Bacha Coffee to launch in Japan in 2025,https://www.worldcoffeeportal.com/news/heritage-coffee-brand-bacha-coffee-to-launch-in-japan-in-2025/
2024-12-03,Italy’s Simonelli Group acquires stake in filter coffee brewer 3TEMP,https://www.worldcoffeeportal.com/news/italys-simonelli-group-acquires-stake-in-filter-coffee-brewer-3temp/
2024-12-03,Shipley Do-Nuts signs 22-unit franchise deal with Virentes Hospitality,https://www.worldcoffeeportal.com/news/shipley-do-nuts-signs-22-unit-franchise-deal-with-virentes-hospitality/
2024-12-03,Starbucks Australia strengthens Board of Directors ahead of planned outlet growth,https://www.worldcoffeeportal.com/news/starbucks-australia-strengthens-board-of-directors-ahead-of-planned-outlet-growth/
2024-12-02,Ukraine’s Aroma Kava launches in Poland with Warsaw outlet,https://www.worldcoffeeportal.com/news/ukraines-aroma-kava-launches-in-poland-with-warsaw-outlet/
2024-12-02,Saudi Arabia’s Barn’s signs franchise deal to launch in Qatar,https://www.worldcoffeeportal.com/news/saudi-arabias-barns-signs-franchise-deal-to-launch-in-qatar/
2024-12-02,Canada’s Tim Hortons boosts Americas presence with first Panama store,https://www.worldcoffeeportal.com/news/canadas-tim-hortons-boosts-americas-presence-with-first-panama-store/
2024-12-02,British tea brand Typhoo acquired out of administration for £10.2m,https://www.worldcoffeeportal.com/news/british-tea-brand-typhoo-acquired-out-of-administration-for-10-2m/
2024-11-29,Cafè Barbera enters Southeast Asia with stores in Indonesia and the Philippines,https://www.worldcoffeeportal.com/news/cafe-barbera-enters-southeast-asia-with-stores-in-indonesia-and-the-philippines/
2024-11-28,Brazil’s The Coffee to launch in Canada in 2025,https://www.worldcoffeeportal.com/news/brazils-the-coffee-to-launch-in-canada-in-2025/
2024-11-26,Australia’s Soul Origin unveils coffee-focused rebrand,https://www.worldcoffeeportal.com/news/australias-soul-origin-unveils-coffee-focused-rebrand/
2024-11-26,Bread Holdings reportedly exploring sale of UK boutique bakery-café group Gail’s,https://www.worldcoffeeportal.com/news/bread-holdings-reportedly-exploring-sale-of-uk-boutique-bakery-cafe-group-gails/
2024-11-25,Esquires Coffee doubles down on suburban growth to scale UK estate,https://www.worldcoffeeportal.com/news/esquires-coffee-doubles-down-on-suburban-growth-to-scale-uk-estate/
2024-11-25,India’s abCoffee appoints new President of Operations to drive outlet expansion,https://www.worldcoffeeportal.com/news/indias-abcoffee-appoints-new-president-of-operations-to-drive-outlet-expansion/
2024-11-22,Costa Coffee trials 24-hour drive-thru in the UK,https://www.worldcoffeeportal.com/news/costa-coffee-trials-24-hour-drive-thru-in-the-uk/
2024-11-21,Middle East remains key growth market for branded coffee chains – but regional unrest a concern for operators,https://www.worldcoffeeportal.com/news/middle-east-remains-key-growth-market-for-branded-coffee-chains-but-regional-unrest-a-concern-for-operators/
2024-11-21,GoTo Foods appoints Kieran Donahue as Chief Commercial Officer,https://www.worldcoffeeportal.com/news/goto-foods-appoints-kieran-donahue-as-chief-commercial-officer/
2024-11-19,India’s Blue Tokai Coffee Roasters seeking to nearly triple revenues by 2027,https://www.worldcoffeeportal.com/news/indias-blue-tokai-coffee-roasters-seeking-to-nearly-triple-revenues-by-2027/
2024-11-15,Further losses for Malaysia’s Berjaya Foods as Starbucks boycotts bite,https://www.worldcoffeeportal.com/news/further-losses-for-malaysias-berjaya-foods-as-starbucks-boycotts-bite/
2024-11-13,Compose Coffee acquisition lifts Jollibee Food Corp’s third quarter earnings,https://www.worldcoffeeportal.com/news/compose-coffee-acquisition-lifts-jollibee-food-corps-third-quarter-earnings/
2024-11-12,Devyani International surpasses 200 Costa Coffee stores in India,https://www.worldcoffeeportal.com/news/devyani-international-surpasses-200-costa-coffee-stores-in-india-2/
2024-11-12,Finland’s Oddlygood acquires UK dairy alternative brand Rude Health,https://www.worldcoffeeportal.com/news/finlands-oddlygood-acquires-uk-dairy-alternative-brand-rude-health-2/
2024-11-12,Greece’s Coffee Island to make India debut in December 2024,https://www.worldcoffeeportal.com/news/greeces-coffee-island-to-make-india-debut-in-december-2024/
2024-11-12,Coffee Holding acquires US private label coffee roaster Empire Coffee,https://www.worldcoffeeportal.com/news/coffee-holding-acquires-us-private-label-coffee-roaster-empire-coffee/
2024-11-12,Devyani International surpasses 200 Costa Coffee stores in India,https://www.worldcoffeeportal.com/news/devyani-international-surpasses-200-costa-coffee-stores-in-india/
2024-11-12,Finland’s Oddlygood acquires UK dairy alternative brand Rude Health,https://www.worldcoffeeportal.com/news/finlands-oddlygood-acquires-uk-dairy-alternative-brand-rude-health/
2024-11-09,Australia’s The Coffee Club partners with Luqman Petroleum for 2025 Kenya debut,https://www.worldcoffeeportal.com/news/australias-the-coffee-club-partners-with-luqman-petroleum-for-2025-kenya-debut/
2024-11-06,Dunkin’ to keep trading in the Netherlands – but future in Belgium uncertain,https://www.worldcoffeeportal.com/news/dunkin-to-keep-trading-in-the-netherlands-but-future-in-belgium-uncertain/
2024-11-06,Boston Tea Party urges UK coffee chains to ban single-use cups,https://www.worldcoffeeportal.com/news/boston-tea-party-urges-uk-coffee-chains-to-ban-single-use-cups/
2024-11-06,Coffee champion Oskar Garberg reveals the secret to perfect flavour control,https://www.worldcoffeeportal.com/news/coffee-champion-oskar-garberg-reveals-the-secret-to-perfect-flavour-control/
2024-11-05,Cornell University and World Coffee Research announce five-year partnership,https://www.worldcoffeeportal.com/news/cornell-university-and-world-coffee-research-announce-five-year-partnership/
2024-11-04,HTeaO bolsters leadership team with real estate and tech expertise,https://www.worldcoffeeportal.com/news/hteao-bolsters-leadership-team-with-real-estate-and-tech-expertise/
2024-11-04,Cornell University and World Coffee Research announce five-year partnership,https://www.worldcoffeeportal.com/news/cornell-university-and-world-coffee-research-announce-five-year-partnership-2/
2024-11-04,Chobani appoints Jai Kibe as Chief Marketing Officer,https://www.worldcoffeeportal.com/news/chobani-appoints-jai-kibe-as-chief-marketing-officer/
2024-11-04,Australia’s Retail Food Group acquires CIBO Espresso for AU$2.7m,https://www.worldcoffeeportal.com/news/australias-retail-food-group-acquires-cibo-espresso-for-au-2-7m/
2024-11-01,GCI event round-up – People and Talent Management in Coffee and Hospitality,https://www.worldcoffeeportal.com/news/gci-event-round-up-people-and-talent-management-in-coffee-and-hospitality/
2024-10-25,Cofix takes direct control of Poland operations after franchisee declares bankruptcy,https://www.worldcoffeeportal.com/news/cofix-takes-direct-control-of-poland-operations-after-franchisee-declares-bankruptcy/
2024-10-24,Focus on flagship stores lifts Phuc Long Coffee & Tea’s third quarter revenues,https://www.worldcoffeeportal.com/news/focus-on-flagship-stores-lifts-phuc-long-coffee-teas-third-quarter-revenues/
2024-10-23,Starbucks CEO pledges major overhaul after third consecutive quarter of falling sales,https://www.worldcoffeeportal.com/news/starbucks-ceo-pledges-major-overhaul-after-third-consecutive-quarter-of-falling-sales/
2024-10-22,Tata Starbucks becomes the largest branded coffee shop chain in India,https://www.worldcoffeeportal.com/news/tata-starbucks-becomes-the-largest-branded-coffee-shop-chain-in-india/
2024-10-18,"Bluestone Lane appoints new CEO, Edie Ames",https://www.worldcoffeeportal.com/news/bluestone-lane-appoints-new-ceo-edie-ames/
2024-10-18,Boutique café group EL&N makes India debut with Mumbai outlet,https://www.worldcoffeeportal.com/news/boutique-cafe-group-el-n-makes-india-debut-with-mumbai-outlet/
2024-10-18,Black Sheep Coffee signs multi-year Oatly supply partnership,https://www.worldcoffeeportal.com/news/black-sheep-coffee-signs-multi-year-oatly-supply-partnership/
2024-10-01,Iced beverages and value proposition key to Greggs’ strong third quarter trading,https://www.worldcoffeeportal.com/news/iced-beverages-and-value-proposition-key-to-greggs-strong-third-quarter-trading/
2024-09-20,Arkansas-based 7 Brew appoints Christopher Dawson as President,https://www.worldcoffeeportal.com/news/arkansas-based-7-brew-appoints-christopher-dawson-as-president/
2024-09-11,Citizens Coffee seeking new investment and targeting $100m sales by 2029,https://www.worldcoffeeportal.com/news/citizens-coffee-seeking-new-investment-and-targeting-100m-sales-by-2029/
2024-09-11,Luckin Coffee breaks ground on new roastery and supply chain hub in Qingdao,https://www.worldcoffeeportal.com/news/luckin-coffee-breaks-ground-on-new-roastery-and-supply-chain-hub-in-qingdao/
2024-09-11,Denmark’s Coffee Collective appoints Rebecca Vang as new CEO,https://www.worldcoffeeportal.com/news/denmarks-coffee-collective-appoints-rebecca-vang-as-new-ceo/
2024-09-10,ZUS Coffee eyes further international expansion after closing $57.5m funding round,https://www.worldcoffeeportal.com/news/zus-coffee-eyes-further-international-expansion-after-closing-57-5m-funding-round/
2024-08-30,‘Exciting new chapter’ for The Gentlemen Baristas following acquisition by Origins 1450,https://www.worldcoffeeportal.com/news/exciting-new-chapter-for-the-gentlemen-baristas-following-acquisition-by-origins-1450/
2024-08-30,Flash Coffee appoints former Foodpanda CEO Jakob Angele as Executive Chairman,https://www.worldcoffeeportal.com/news/flash-coffee-appoints-former-foodpanda-ceo-jakob-angele-as-executive-chairman/
2024-08-21,Boutique coffee chain EL&N makes Slovakia debut with Bratislava outlet,https://www.worldcoffeeportal.com/news/boutique-coffee-chain-el-n-makes-slovakia-debut-with-bratislava-outlet/
2024-08-20,Vietnam’s Every Half Coffee Roasters receives new funding from Singapore-based investors,https://www.worldcoffeeportal.com/news/vietnams-every-half-coffee-roasters-receives-new-funding-from-singapore-based-investors/
2024-08-19,Starbucks launches in Ecuador with Quito outlet,https://www.worldcoffeeportal.com/news/starbucks-launches-in-ecuador-with-quito-outlet/
2024-08-05,Malaysia’s Berjaya Food to open licensed Starbucks stores in three Nordic markets,https://www.worldcoffeeportal.com/news/malaysias-berjaya-food-to-open-licensed-starbucks-stores-in-three-nordic-markets/
2024-07-29,"“No plan” to launch Compose Coffee in the Philippines, says Jollibee Food Corp",https://www.worldcoffeeportal.com/news/no-plan-to-launch-compose-coffee-in-the-philippines-says-jollibee-food-corp/
2024-07-24,Alsea sees falling Starbucks sales in Europe offset by strong South America trading,https://www.worldcoffeeportal.com/news/alsea-sees-falling-starbucks-sales-in-europe-offset-by-strong-south-america-trading/
2024-07-18,“Time to rethink” says Pret A Manger after axing five-coffees-a-day Club Pret offer in UK,https://www.worldcoffeeportal.com/news/time-to-rethink-says-pret-a-manger-after-axing-five-coffees-a-day-club-pret-offer-in-uk/
2024-07-17,AG Café opens Tim Hortons’ 300th Middle East store with new Saudi outlet,https://www.worldcoffeeportal.com/news/ag-cafe-opens-tim-hortons-300th-middle-east-store-with-new-saudi-outlet/
2024-07-11,"Starbucks appoints Ricardo Arias-Nath as President, Latin America and the Caribbean",https://www.worldcoffeeportal.com/news/starbucks-appoints-ricardo-arias-nath-as-president-latin-america-and-the-caribbean/
2024-07-05,% Arabica enters Latin America with Mexico City outlet,https://www.worldcoffeeportal.com/news/arabica-enters-latin-america-with-mexico-city-outlet/
2024-06-10,"Value-focused abCoffee sees potential for 10,000 sites across India by 2034",https://www.worldcoffeeportal.com/news/value-focused-abcoffee-sees-potential-for-10-000-sites-across-india-by-2034/
2024-06-06,UK airline easyJet to serve Costa Coffee onboard all flights,https://www.worldcoffeeportal.com/news/uk-airline-easyjet-to-serve-costa-coffee-onboard-all-flights/
2024-04-16,Joe & The Juice adds former Domino’s Pizza exec Jeffrey Lawrence to its Board,https://www.worldcoffeeportal.com/news/joe-the-juice-adds-former-dominos-pizza-exec-jeffrey-lawrence-to-its-board/
2024-04-10,Gregorys Coffee appoints sourcing expert Jake Leonti as Director of Coffee,https://www.worldcoffeeportal.com/news/gregorys-coffee-appoints-sourcing-expert-jake-leonti-as-director-of-coffee/
2024-03-25,UK’s Black Sheep Coffee reportedly planning an IPO in the US,https://www.worldcoffeeportal.com/news/uks-black-sheep-coffee-reportedly-planning-an-ipo-in-the-us/
2024-02-29,Iced coffee and stronger food sales boost Coffee#1’s half-year revenues,https://www.worldcoffeeportal.com/news/iced-coffee-and-stronger-food-sales-boost-coffee-1s-half-year-revenues/
2024-02-15,US private equity firm Blackstone invests in 7 Brew Coffee,https://www.worldcoffeeportal.com/news/us-private-equity-firm-blackstone-invests-in-7-brew-coffee/
2024-01-26,Rancilio Group appoints Massimiliano Bizzarri as new CEO,https://www.worldcoffeeportal.com/news/rancilio-group-appoints-massimiliano-bizzarri-as-new-ceo/
2023-12-15,Chobani acquires La Colombe Coffee Roasters for $900m,https://www.worldcoffeeportal.com/news/chobani-acquires-la-colombe-coffee-roasters-for-900m/
2023-12-13,China’s Heytea makes US debut with New York store,https://www.worldcoffeeportal.com/news/chinas-heytea-makes-us-debut-with-new-york-store/
2023-11-23,‘Generational change’ at JAB as Joachim Creus appointed CEO,https://www.worldcoffeeportal.com/news/generational-change-at-jab-as-joachim-creus-appointed-ceo/
2023-11-21,Turn Capital acquires Flash Coffee’s business in Thailand,https://www.worldcoffeeportal.com/news/turn-capital-acquires-flash-coffees-business-in-thailand/
2023-11-13,US investment firm General Atlantic to acquire majority stake in Joe & The Juice,https://www.worldcoffeeportal.com/news/us-investment-firm-general-atlantic-to-acquire-majority-stake-in-joe-the-juice/
2023-10-13,Flash Coffee closes its remaining 11 stores in Singapore citing ‘liabilities’,https://www.worldcoffeeportal.com/news/flash-coffee-closes-its-remaining-11-stores-in-singapore-citing-liabilities/
2023-09-15,What’s happening at the European Coffee Symposium 2023,https://www.worldcoffeeportal.com/news/whats-happening-at-the-european-coffee-symposium-2023/
2023-06-29,Starbucks Spain cites iced coffee as main driver of long-term growth,https://www.worldcoffeeportal.com/news/starbucks-spain-cites-iced-coffee-as-main-driver-of-long-term-growth/
2023-05-11,Flash Coffee raises $50m and targets group-level profitability in 2024,https://www.worldcoffeeportal.com/news/flash-coffee-raises-50m-and-targets-group-level-profitability-in-2024/
2022-12-09,Iced beverages account for three-quarters of Starbucks orders in South Korea,https://www.worldcoffeeportal.com/news/iced-beverages-account-for-three-quarters-of-starbucks-orders-in-south-korea/
2022-03-16,JAB Holding CEO hails ten years of coffee and hospitality investments,https://www.worldcoffeeportal.com/news/jab-holding-ceo-hails-ten-years-of-coffee-and-hospitality-investments/
2021-08-19,Starbucks says nearly 75% of its Q3 US beverage sales were cold,https://www.worldcoffeeportal.com/news/starbucks-says-nearly-75-of-its-q3-us-beverage-sales-were-cold/
2021-03-18,Starbucks says cold beverages now exceed 50% of sales,https://www.worldcoffeeportal.com/news/starbucks-says-cold-beverages-now-exceed-50-of-sales/
